{
    "aic": -7431.887433892885,
    "basis": "quadratic_Mc_eta",
    "bic": -7403.073065312939,
    "coeffs": [
        133.65628620462888,
        0.824063817123629,
        0.022642664895751174,
        1.635852123849066,
        -0.030873543735042964,
        1625.870793745771
    ],
    "lnL": 3721.9437169464427,
    "residuals": 9.012980074512587
}
